"Package","Source","SourceKind","Guid","Target"
"BettyDev","Assets/Mushus/BettyDev/Scenes/betty.unity",".unity","5bf5a7a5c3680d048a3393e27a5a52da","Assets/Mushus/Betty/256fes.fbx"
"CactusBunnyDev","Assets/Mushus/CactusBunnyDev/Scenes/SampleScene.unity",".unity","84e6786310f3af84e9f8af98bdc30d0c","Assets/Mushus/CactusBunny/Models/CactusBunny.fbx"
"CalopDev","Assets/Mushus/CalopDev/Scenes/SampleScene.unity",".unity","3045bc5c1a68f9e4aa436173dbeec5ad","Assets/Mushus/Calop/Calop.fbx"
"Candy","Assets/Mushus/Candy/Prefabs/Candy.prefab",".prefab","45a9074569986294db5487eac8a73a8c","Assets/Mushus/Candy/Models/Candy.fbx"
"Candy","Assets/Mushus/Candy/SampleScene.unity",".unity","0004ade5f8b63d04fb294af04304454f","Assets/Mushus/Candy/Prefabs/Candy.prefab"
"CandyDev","Assets/Mushus/CandyDev/Scenes/SampleScene.unity",".unity","2cd7c2d73a12a214b930125a1ca4ed33","<missing>"
"CandyDev","Assets/Mushus/CandyDev/Scenes/SampleScene.unity",".unity","0004ade5f8b63d04fb294af04304454f","Assets/Mushus/Candy/Prefabs/Candy.prefab"
"CandyDevFromDra_Backup_20260515003755","Assets/Mushus/CandyDevFromDra_Backup_20260515003755/Scenes/SampleScene 1.unity",".unity","51660c8650cf5bf4884434bcf71aad12","Assets/Mushus/CandyFromDra_Backup_20260515003755/dra.fbx"
"CandyDevFromDra_Backup_20260515003755","Assets/Mushus/CandyDevFromDra_Backup_20260515003755/Scenes/SampleScene 2.unity",".unity","51660c8650cf5bf4884434bcf71aad12","Assets/Mushus/CandyFromDra_Backup_20260515003755/dra.fbx"
"CandyDevFromDra_Backup_20260515003755","Assets/Mushus/CandyDevFromDra_Backup_20260515003755/Scenes/SampleScene 3.unity",".unity","51660c8650cf5bf4884434bcf71aad12","Assets/Mushus/CandyFromDra_Backup_20260515003755/dra.fbx"
"CandyDevFromDra_Backup_20260515003755","Assets/Mushus/CandyDevFromDra_Backup_20260515003755/Scenes/SampleScene.unity",".unity","51660c8650cf5bf4884434bcf71aad12","Assets/Mushus/CandyFromDra_Backup_20260515003755/dra.fbx"
"CandyDevFromDra_Backup_20260515003755","Assets/Mushus/CandyDevFromDra_Backup_20260515003755/Scenes/SampleScene.unity",".unity","51660c8650cf5bf4884434bcf71aad12","Assets/Mushus/CandyFromDra_Backup_20260515003755/dra.fbx"
"Catchy","Assets/Mushus/Catchy/Prefabs/AvaterPrefab.prefab",".prefab","5c6193fd15326e845adf5b547139d158","Assets/Mushus/Catchy/FBX/CatchyLp.fbx"
"Catchy","Assets/Mushus/Catchy/Prefabs/AvaterQuestPrefab.prefab",".prefab","bdb306171a8d31e45990ef271d632287","Assets/Mushus/Catchy/FBX/CatchyLpQuest.fbx"
"CatchyDev","Assets/Mushus/CatchyDev/Prefabs/AvaterPrefabSample.prefab",".prefab","40bdcf7eccb01fa489d0bbb8d41ca641","Assets/Mushus/Catchy/Prefabs/AvaterPrefab.prefab"
"CatchyDev","Assets/Mushus/CatchyDev/Prefabs/AvaterQuestPrefabSample.prefab",".prefab","996c3621f1740414c9b552ec6e4373fd","Assets/Mushus/Catchy/Prefabs/AvaterQuestPrefab.prefab"
"CatchyDev","Assets/Mushus/CatchyDev/Scenes/SampleQuestScene.unity",".unity","996c3621f1740414c9b552ec6e4373fd","Assets/Mushus/Catchy/Prefabs/AvaterQuestPrefab.prefab"
"CatchyDev","Assets/Mushus/CatchyDev/Scenes/SampleScene.unity",".unity","40bdcf7eccb01fa489d0bbb8d41ca641","Assets/Mushus/Catchy/Prefabs/AvaterPrefab.prefab"
"CosmicDragonDev","Assets/Mushus/CosmicDragonDev/Scenes/Test.unity",".unity","34b798b493d535440b179813c5bfb52f","<missing>"
"CosmicDragonDev","Assets/Mushus/CosmicDragonDev/Scenes/testScheme.unity",".unity","853b644306062194287a01b9aa097089","Assets/Mushus/CosmicDragon/Models/dragon.fbx"
"CyntheaDev","Assets/Mushus/CyntheaDev/Scenes/Cynthea.unity",".unity","182a812318418ef43b04ad4256762b83","Assets/Mushus/Cynthea/Models/Cynthea.fbx"
"Iris","Assets/Mushus/Iris/Prefabs/AvaterPrefab.prefab",".prefab","46292006cdb94544aba20ee7fcecadd2","Assets/Mushus/Iris/FBX/Iris.fbx"
"IrisDev","Assets/Mushus/IrisDev/Prefabs/AvaterPrefabSample.prefab",".prefab","1b52b3d4b99cf7442ad4041f0f3327c2","Assets/Mushus/Iris/Prefabs/AvaterPrefab.prefab"
"IrisDev","Assets/Mushus/IrisDev/Scenes/SampleScene.unity",".unity","1b52b3d4b99cf7442ad4041f0f3327c2","Assets/Mushus/Iris/Prefabs/AvaterPrefab.prefab"
"Krona","Assets/Mushus/Krona/Prefabs/Krona.prefab",".prefab","69d240c42eb13034b9ce6dcd192af189","Assets/Mushus/Krona/Models/Krona.fbx"
"KronaDev","Assets/Mushus/KronaDev/Scenes/Capture.unity",".unity","69d240c42eb13034b9ce6dcd192af189","Assets/Mushus/Krona/Models/Krona.fbx"
"KronaDev","Assets/Mushus/KronaDev/Scenes/SampleAvater.unity",".unity","9b72505e48596e54b9752ae8cb4fbdf3","Assets/Mushus/Krona/Prefabs/Krona.prefab"
"KronaDev","Assets/Mushus/KronaDev/Scenes/SampleScene.unity",".unity","9b72505e48596e54b9752ae8cb4fbdf3","Assets/Mushus/Krona/Prefabs/Krona.prefab"
"Mizore","Assets/Mushus/Mizore/Prefabs/ToraAvater.prefab",".prefab","0dba2fba599cbd441a184c4a1caab37d","Assets/Mushus/Mizore/Tora.fbx"
"MizoreDev","Assets/Mushus/MizoreDev/Prefabs/ToraVariant.prefab",".prefab","be24f93a825b7e444a4b253de7cc9b93","Assets/Mushus/MizoreDev/Models/Tora.fbx"
"MizoreDev","Assets/Mushus/MizoreDev/Scenes/SampleAvaterData.unity",".unity","7c07b4f414608c8498893320e6b340ca","Assets/Mushus/Mizore/Prefabs/ToraAvater.prefab"
"MizoreDev","Assets/Mushus/MizoreDev/Scenes/SampleAvaterData.unity",".unity","e5b1e1de06bfa7246a12ea7a26dd4c3a","Assets/Mushus/MizoreDev/Prefabs/ToraVariant.prefab"
"MizoreDev","Assets/Mushus/MizoreDev/Scenes/SampleScene.unity",".unity","7c07b4f414608c8498893320e6b340ca","Assets/Mushus/Mizore/Prefabs/ToraAvater.prefab"
"MizoreDev","Assets/Mushus/MizoreDev/Scenes/SampleScene.unity",".unity","7c07b4f414608c8498893320e6b340ca","Assets/Mushus/Mizore/Prefabs/ToraAvater.prefab"
"MizoreDev","Assets/Mushus/MizoreDev/Scenes/SampleScene.unity",".unity","7c07b4f414608c8498893320e6b340ca","Assets/Mushus/Mizore/Prefabs/ToraAvater.prefab"
"MizoreDev","Assets/Mushus/MizoreDev/Scenes/SampleScene.unity",".unity","7c07b4f414608c8498893320e6b340ca","Assets/Mushus/Mizore/Prefabs/ToraAvater.prefab"
"MizoreDev","Assets/Mushus/MizoreDev/Scenes/SampleScene.unity",".unity","7c07b4f414608c8498893320e6b340ca","Assets/Mushus/Mizore/Prefabs/ToraAvater.prefab"
"Mocha","Assets/Mushus/Mocha/Prefabs/Mocha.prefab",".prefab","62b33e08f0034234f8e4ed4c5dd3f2ce","Assets/Mushus/Mocha/Models/Mocha.fbx"
"MochaDev","Assets/Mushus/MochaDev/Prefabs/MochaSample.prefab",".prefab","fc135a3668f1cdc47acb2902cd625ff4","Assets/Mushus/Mocha/Prefabs/Mocha.prefab"
"MochaDev","Assets/Mushus/MochaDev/Scenes/SampleScene.unity",".unity","fc135a3668f1cdc47acb2902cd625ff4","Assets/Mushus/Mocha/Prefabs/Mocha.prefab"
"NozakiNeneko","Assets/Mushus/NozakiNeneko/Prefabs/NekoAvater.prefab",".prefab","87a3b255173b90a49aa5b221531fc643","Assets/Mushus/NozakiNeneko/Neko.fbx"
"NozakiNenekoDev","Assets/Mushus/NozakiNenekoDev/Prefabs/NekoAvaterSample.prefab",".prefab","2752f35c02c9df34ab3a8b970a0c7bc4","Assets/Mushus/NozakiNeneko/Prefabs/NekoAvater.prefab"
"NozakiNenekoDev","Assets/Mushus/NozakiNenekoDev/Scenes/SampleScene.unity",".unity","2cd7c2d73a12a214b930125a1ca4ed33","<missing>"
"NozakiNenekoDev","Assets/Mushus/NozakiNenekoDev/Scenes/SampleScene.unity",".unity","87a3b255173b90a49aa5b221531fc643","Assets/Mushus/NozakiNeneko/Neko.fbx"
"NozakiNenekoDev","Assets/Mushus/NozakiNenekoDev/Scenes/SampleScene.unity",".unity","87a3b255173b90a49aa5b221531fc643","Assets/Mushus/NozakiNeneko/Neko.fbx"
"Nyantan","Assets/Mushus/Nyantan/Prefabs/JackONyantan.prefab",".prefab","b6f94a127e795474892531013ab77fd8","Assets/Mushus/Nyantan/Models/JackONyantan.fbx"
"Nyantan","Assets/Mushus/Nyantan/Prefabs/JackONyantanPumpkin.prefab",".prefab","778eb96164c6e2f48bb94d8bbb9b5470","Assets/Mushus/Nyantan/Prefabs/JackONyantan.prefab"
"NyantanDev","Assets/Mushus/NyantanDev/Prefabs/JackONyantanPumpkinSample.prefab",".prefab","c7822af032d053d4ca464447eb8b86b5","Assets/Mushus/Nyantan/Prefabs/JackONyantanPumpkin.prefab"
"NyantanDev","Assets/Mushus/NyantanDev/Prefabs/JackONyantanSample.prefab",".prefab","778eb96164c6e2f48bb94d8bbb9b5470","Assets/Mushus/Nyantan/Prefabs/JackONyantan.prefab"
"NyantanDev","Assets/Mushus/NyantanDev/Scenes/SampleAvater.unity",".unity","778eb96164c6e2f48bb94d8bbb9b5470","Assets/Mushus/Nyantan/Prefabs/JackONyantan.prefab"
"NyantanDev","Assets/Mushus/NyantanDev/Scenes/SampleAvater.unity",".unity","778eb96164c6e2f48bb94d8bbb9b5470","Assets/Mushus/Nyantan/Prefabs/JackONyantan.prefab"
"NyantanDev","Assets/Mushus/NyantanDev/Scenes/SampleAvater.unity",".unity","778eb96164c6e2f48bb94d8bbb9b5470","Assets/Mushus/Nyantan/Prefabs/JackONyantan.prefab"
"NyantanDev","Assets/Mushus/NyantanDev/Scenes/SampleScene 1.unity",".unity","778eb96164c6e2f48bb94d8bbb9b5470","Assets/Mushus/Nyantan/Prefabs/JackONyantan.prefab"
"NyantanDev","Assets/Mushus/NyantanDev/Scenes/SampleScene 1.unity",".unity","778eb96164c6e2f48bb94d8bbb9b5470","Assets/Mushus/Nyantan/Prefabs/JackONyantan.prefab"
"NyantanDev","Assets/Mushus/NyantanDev/Scenes/SampleScene 1.unity",".unity","778eb96164c6e2f48bb94d8bbb9b5470","Assets/Mushus/Nyantan/Prefabs/JackONyantan.prefab"
"NyantanDev","Assets/Mushus/NyantanDev/Scenes/SampleScene 2.unity",".unity","2cd7c2d73a12a214b930125a1ca4ed33","<missing>"
"NyantanDev","Assets/Mushus/NyantanDev/Scenes/SampleScene 2.unity",".unity","778eb96164c6e2f48bb94d8bbb9b5470","Assets/Mushus/Nyantan/Prefabs/JackONyantan.prefab"
"NyantanDev","Assets/Mushus/NyantanDev/Scenes/SampleScene 2.unity",".unity","778eb96164c6e2f48bb94d8bbb9b5470","Assets/Mushus/Nyantan/Prefabs/JackONyantan.prefab"
"NyantanDev","Assets/Mushus/NyantanDev/Scenes/SampleScene 2.unity",".unity","778eb96164c6e2f48bb94d8bbb9b5470","Assets/Mushus/Nyantan/Prefabs/JackONyantan.prefab"
"NyantanDev","Assets/Mushus/NyantanDev/Scenes/SampleScene.unity",".unity","2cd7c2d73a12a214b930125a1ca4ed33","<missing>"
"NyantanDev","Assets/Mushus/NyantanDev/Scenes/SampleScene.unity",".unity","778eb96164c6e2f48bb94d8bbb9b5470","Assets/Mushus/Nyantan/Prefabs/JackONyantan.prefab"
"NyantanDev","Assets/Mushus/NyantanDev/Scenes/SampleScene.unity",".unity","778eb96164c6e2f48bb94d8bbb9b5470","Assets/Mushus/Nyantan/Prefabs/JackONyantan.prefab"
"NyantanDev","Assets/Mushus/NyantanDev/Scenes/SampleScene.unity",".unity","c7822af032d053d4ca464447eb8b86b5","Assets/Mushus/Nyantan/Prefabs/JackONyantanPumpkin.prefab"
"RedDragon","Assets/Mushus/RedDragon/Prefabs/AvaterPrefab.prefab",".prefab","d2303333585cb5e46b3f4b0fa6d50902","Assets/Mushus/RedDragon/Models/RedDragon.fbx"
"RedDragonDev","Assets/Mushus/RedDragonDev/Prefabs/AvaterPrefabSample.prefab",".prefab","893f7fd6c81506c42a1affd5decfbccc","Assets/Mushus/RedDragon/Prefabs/AvaterPrefab.prefab"
"RedDragonDev","Assets/Mushus/RedDragonDev/Scenes/SampleScene.unity",".unity","893f7fd6c81506c42a1affd5decfbccc","Assets/Mushus/RedDragon/Prefabs/AvaterPrefab.prefab"
"Reptan","Assets/Mushus/Reptan/Prefabs/OrcaQuestVariant.prefab",".prefab","d29e9cba3e92ed345b07769285dff649","Assets/Mushus/Reptan/Orca.fbx"
"Reptan","Assets/Mushus/Reptan/Prefabs/OrcaVariant.prefab",".prefab","d29e9cba3e92ed345b07769285dff649","Assets/Mushus/Reptan/Orca.fbx"
"ReptanDev","Assets/Mushus/ReptanDev/Prefabs/OrcaQuestVariantSample.prefab",".prefab","0ec3c17f5a888b649a40126541bee11f","Assets/Mushus/Reptan/Prefabs/OrcaQuestVariant.prefab"
"ReptanDev","Assets/Mushus/ReptanDev/Prefabs/OrcaVariantSample.prefab",".prefab","6707fbfd579846441a9f206b48677f6e","Assets/Mushus/Reptan/Prefabs/OrcaVariant.prefab"
"ReptanDev","Assets/Mushus/ReptanDev/Scenes/SampleScene 1.unity",".unity","d29e9cba3e92ed345b07769285dff649","Assets/Mushus/Reptan/Orca.fbx"
"ReptanDev","Assets/Mushus/ReptanDev/Scenes/SampleScene.unity",".unity","2cd7c2d73a12a214b930125a1ca4ed33","<missing>"
"ReptanDev","Assets/Mushus/ReptanDev/Scenes/SampleScene.unity",".unity","0ec3c17f5a888b649a40126541bee11f","Assets/Mushus/Reptan/Prefabs/OrcaQuestVariant.prefab"
"ReptanDev","Assets/Mushus/ReptanDev/Scenes/SampleScene.unity",".unity","6707fbfd579846441a9f206b48677f6e","Assets/Mushus/Reptan/Prefabs/OrcaVariant.prefab"
"ReptanV0Dev","Assets/Mushus/ReptanV0Dev/Scenes/SampleScene.unity",".unity","58b8779d2267b2e4ebab7fd38a03b74e","Assets/Mushus/ReptanV0/Orca.fbx"
"SexyDiconDev","Assets/Mushus/SexyDiconDev/Scenes/SampleScene.unity",".unity","7954518bc7e2278449a250dab1b4e365","Assets/Mushus/SexyDicon/Models/SexyDicon.fbx"
"ShiroDev","Assets/Mushus/ShiroDev/Scenes/SampleScene.unity",".unity","413f9f63ba56af448a215c6601d36ce8","Assets/Mushus/Shiro/Models/Shiro.fbx"
"Shiromaru","Assets/Mushus/Shiromaru/Prefabs/ShiromaruAvater.prefab",".prefab","d85a931500dbf0b47bc26fe8465cffa0","Assets/Mushus/Shiromaru/Shiromaru.fbx"
"Shiromaru","Assets/Mushus/Shiromaru/Prefabs/ShiromaruQuest.prefab",".prefab","a3260f266f02600458a239466ee1c733","Assets/Mushus/Shiromaru/Prefabs/ShiromaruAvater.prefab"
"ShiromaruDev","Assets/Mushus/ShiromaruDev/Prefabs/ShiromaruAvaterSample.prefab",".prefab","a3260f266f02600458a239466ee1c733","Assets/Mushus/Shiromaru/Prefabs/ShiromaruAvater.prefab"
"ShiromaruDev","Assets/Mushus/ShiromaruDev/Prefabs/ShiromaruQuestSample.prefab",".prefab","e26448e1c95462649a878fd933c8d9c2","Assets/Mushus/Shiromaru/Prefabs/ShiromaruQuest.prefab"
"ShiromaruDev","Assets/Mushus/ShiromaruDev/Scenes/SampleScene.unity",".unity","a3260f266f02600458a239466ee1c733","Assets/Mushus/Shiromaru/Prefabs/ShiromaruAvater.prefab"
"ShiromaruDev","Assets/Mushus/ShiromaruDev/Scenes/SampleSceneQuest.unity",".unity","e26448e1c95462649a878fd933c8d9c2","Assets/Mushus/Shiromaru/Prefabs/ShiromaruQuest.prefab"
"Soni","Assets/Mushus/Soni/Prefabs/Bat.prefab",".prefab","69e05cbb69106594e97c5d28366291e2","Assets/Mushus/Soni/Models/Bat.fbx"
"Soni","Assets/Mushus/Soni/Prefabs/BatWithPumpkin.prefab",".prefab","7b20e6cbac0bf9940bc8560fdd7bcbaa","Assets/Mushus/Pumpkin/Pumpkin.fbx"
"Soni","Assets/Mushus/Soni/Prefabs/BatWithPumpkin.prefab",".prefab","69e05cbb69106594e97c5d28366291e2","Assets/Mushus/Soni/Models/Bat.fbx"
"Soni","Assets/Mushus/Soni/SampleScene.unity",".unity","b626abc2fc973144eb571d46cde3913d","Assets/Mushus/Soni/Prefabs/Bat.prefab"
"Soni","Assets/Mushus/Soni/SampleScene.unity",".unity","b50fd92fa44961d44940a6f75358dcd1","Assets/Mushus/Soni/Prefabs/BatWithPumpkin.prefab"
"SoniDev","Assets/Mushus/SoniDev/Scenes/DevScene.unity",".unity","b626abc2fc973144eb571d46cde3913d","Assets/Mushus/Soni/Prefabs/Bat.prefab"
"SoniDev","Assets/Mushus/SoniDev/Scenes/DevScene.unity",".unity","b50fd92fa44961d44940a6f75358dcd1","Assets/Mushus/Soni/Prefabs/BatWithPumpkin.prefab"
"SoniDev","Assets/Mushus/SoniDev/Scenes/SampleScene.unity",".unity","69e05cbb69106594e97c5d28366291e2","Assets/Mushus/Soni/Models/Bat.fbx"
"StylishDragonDev","Assets/Mushus/StylishDragonDev/Scenes/SampleScene 1.unity",".unity","4e3ea596762affa41b76d5911aa18713","Assets/Mushus/StylishDragon/dd.fbx"
"StylishDragonDev","Assets/Mushus/StylishDragonDev/Scenes/SampleScene.unity",".unity","4e3ea596762affa41b76d5911aa18713","Assets/Mushus/StylishDragon/dd.fbx"
"SweetsDragonDev","Assets/Mushus/SweetsDragonDev/Scenes/SampleScene.unity",".unity","c70bbb4071bbd51439d251a3651ae355","Assets/Mushus/SweetsDragon/Models/SweetsDragon.fbx"
"TreeDragon","Assets/Mushus/TreeDragon/SampleScene.unity",".unity","2cd7c2d73a12a214b930125a1ca4ed33","<missing>"
"TreeDragon","Assets/Mushus/TreeDragon/SampleScene.unity",".unity","56c119d92fdef05458192f06a67ae9f2","Assets/Mushus/TreeDragon/Models/MCTreeDragon.fbx"
"TreeDragon","Assets/Mushus/TreeDragon/SampleScene.unity",".unity","56c119d92fdef05458192f06a67ae9f2","Assets/Mushus/TreeDragon/Models/MCTreeDragon.fbx"
"TreeDragonDev","Assets/Mushus/TreeDragonDev/Scenes/dev.unity",".unity","912f4f3a3e720c54db624b290149135b","<missing>"
"TreeDragonDev","Assets/Mushus/TreeDragonDev/Scenes/SampleScene.unity",".unity","2cd7c2d73a12a214b930125a1ca4ed33","<missing>"
"TreeDragonDev","Assets/Mushus/TreeDragonDev/Scenes/SampleScene.unity",".unity","56c119d92fdef05458192f06a67ae9f2","Assets/Mushus/TreeDragon/Models/MCTreeDragon.fbx"
"TreeDragonDev","Assets/Mushus/TreeDragonDev/Scenes/SampleScene.unity",".unity","56c119d92fdef05458192f06a67ae9f2","Assets/Mushus/TreeDragon/Models/MCTreeDragon.fbx"
"WhipLowPoly","Assets/Mushus/WhipLowPoly/Prefabs/AvaterPrefab.prefab",".prefab","a325bc0da862e864286515dbc0f7b0a4","Assets/Mushus/WhipLowPoly/FBX/WhipLp.fbx"
"WhipLowPolyDev","Assets/Mushus/WhipLowPolyDev/Prefabs/AvaterPrefabSample.prefab",".prefab","9ac9421bfb8793341a9fca8f0395878e","Assets/Mushus/WhipLowPoly/Prefabs/AvaterPrefab.prefab"
"WhipLowPolyDev","Assets/Mushus/WhipLowPolyDev/Scenes/SampleScene.unity",".unity","9ac9421bfb8793341a9fca8f0395878e","Assets/Mushus/WhipLowPoly/Prefabs/AvaterPrefab.prefab"
"WhippedCreamDev","Assets/Mushus/WhippedCreamDev/Scenes/SampleScene.unity",".unity","e23d71b3e0e53454eb6c61328602a5c5","Assets/Mushus/WhippedCream/Models/WhippedCream.fbx"
"Windra","Assets/Mushus/Windra/Prefabs/AvaterPrefab.prefab",".prefab","ff1caf04f8e3ac84a94a90c53b12d17b","Assets/Mushus/Windra/Fbx/WindraLp.fbx"
"WindraDev","Assets/Mushus/WindraDev/Prefabs/AvaterPrefabSample.prefab",".prefab","1a7043ba301f3b940bc8a69788c28c54","Assets/Mushus/Windra/Prefabs/AvaterPrefab.prefab"
"WindraDev","Assets/Mushus/WindraDev/Scenes/SampleScene.unity",".unity","1a7043ba301f3b940bc8a69788c28c54","Assets/Mushus/Windra/Prefabs/AvaterPrefab.prefab"
"YukiDev","Assets/Mushus/YukiDev/Scenes/SampleScene.unity",".unity","935498a9dcc0ac94e94592159af22a3a","Assets/Mushus/Yuki/2022-03-21.fbx"
