"Path","Bytes"
"C:\Users\wyndf\Documents\unity\Avaters\Products\Nyantan\src\docs\.gitignore","2177"
"C:\Users\wyndf\Documents\unity\Avaters\Products\Nyantan\src\docs\.nojekyll","0"
"C:\Users\wyndf\Documents\unity\Avaters\Products\Nyantan\src\docs\get-started.md","1087"
"C:\Users\wyndf\Documents\unity\Avaters\Products\Nyantan\src\docs\index.html","631"
"C:\Users\wyndf\Documents\unity\Avaters\Products\Nyantan\src\docs\package.json","117"
"C:\Users\wyndf\Documents\unity\Avaters\Products\Nyantan\src\docs\yarn.lock","58352"
"C:\Users\wyndf\Documents\unity\Avaters\Products\Nyantan\src\docs\_sidebar.md","84"
"C:\Users\wyndf\Documents\unity\Avaters\Products\RedDragon\src\doc\.gitignore","2047"
"C:\Users\wyndf\Documents\unity\Avaters\Products\RedDragon\src\doc\.nojekyll","0"
"C:\Users\wyndf\Documents\unity\Avaters\Products\RedDragon\src\doc\get-started.md","1061"
"C:\Users\wyndf\Documents\unity\Avaters\Products\RedDragon\src\doc\index.html","631"
"C:\Users\wyndf\Documents\unity\Avaters\Products\RedDragon\src\doc\package.json","110"
"C:\Users\wyndf\Documents\unity\Avaters\Products\RedDragon\src\doc\yarn.lock","57029"
"C:\Users\wyndf\Documents\unity\Avaters\Products\RedDragon\src\doc\_sidebar.md","82"
"C:\Users\wyndf\Documents\unity\Avaters\Products\Reptan\src\doc\.gitignore","2047"
"C:\Users\wyndf\Documents\unity\Avaters\Products\Reptan\src\doc\.nojekyll","0"
"C:\Users\wyndf\Documents\unity\Avaters\Products\Reptan\src\doc\get-started.md","1061"
"C:\Users\wyndf\Documents\unity\Avaters\Products\Reptan\src\doc\index.html","631"
"C:\Users\wyndf\Documents\unity\Avaters\Products\Reptan\src\doc\package.json","110"
"C:\Users\wyndf\Documents\unity\Avaters\Products\Reptan\src\doc\yarn.lock","57029"
"C:\Users\wyndf\Documents\unity\Avaters\Products\Reptan\src\doc\_sidebar.md","82"
"C:\Users\wyndf\Documents\unity\Avaters\Products\WhipLowPoly\src\doc\.gitignore","2047"
"C:\Users\wyndf\Documents\unity\Avaters\Products\WhipLowPoly\src\doc\.nojekyll","0"
"C:\Users\wyndf\Documents\unity\Avaters\Products\WhipLowPoly\src\doc\get-started.md","1061"
"C:\Users\wyndf\Documents\unity\Avaters\Products\WhipLowPoly\src\doc\index.html","631"
"C:\Users\wyndf\Documents\unity\Avaters\Products\WhipLowPoly\src\doc\package.json","110"
"C:\Users\wyndf\Documents\unity\Avaters\Products\WhipLowPoly\src\doc\yarn.lock","57029"
"C:\Users\wyndf\Documents\unity\Avaters\Products\WhipLowPoly\src\doc\_sidebar.md","82"
"C:\Users\wyndf\Documents\unity\Avaters\Products\Windra\src\doc\.gitignore","2047"
"C:\Users\wyndf\Documents\unity\Avaters\Products\Windra\src\doc\.nojekyll","0"
"C:\Users\wyndf\Documents\unity\Avaters\Products\Windra\src\doc\get-started.md","1061"
"C:\Users\wyndf\Documents\unity\Avaters\Products\Windra\src\doc\index.html","631"
"C:\Users\wyndf\Documents\unity\Avaters\Products\Windra\src\doc\package.json","110"
"C:\Users\wyndf\Documents\unity\Avaters\Products\Windra\src\doc\yarn.lock","57029"
"C:\Users\wyndf\Documents\unity\Avaters\Products\Windra\src\doc\_sidebar.md","82"
